[
    {
        "id": "1",
        "name": "Aika Sano",
        "gender": "Mujer",
        "value": "9999",
        "source": "Ane wa Yanmama Junyuu-chuu",
        "img": "https://files.catbox.moe/235bpy.jpg",
        "video": "https://files.catbox.moe/bsob18.mp4",
        "user": null,
        "status": "Libre"
    },
    {
        "id": "2",
        "name": "María Mikhailovna Kujou",
        "gender": "Mujer",
        "value": "9000",
        "source": "Roshidere",
        "img": "https://files.catbox.moe/x4hldw.jpg",
        "video": "https://files.catbox.moe/gkrx2h.mp4",
        "user": null,
        "status": "Libre"
    },
    {
        "id": "3",
        "name": "Mikasa Ackerman",
        "gender": "Mujer",
        "value": "8508",
        "source": "Attack on Titan (Shingeki no Kyojin)",
        "img": "https://files.catbox.moe/ob4m99.jpg",
        "video": "https://files.catbox.moe/wp40xy.mp4",
        "user": null,
        "status": "Libre"
    },
    {
        "id": "4",
        "name": "Izuku Midoriya",
        "gender": "Hombre",
        "value": "8000",
        "source": "My Hero Academia",
        "img": "https://files.catbox.moe/nrolaj.jpg",
        "video": "https://files.catbox.moe/dz5x6x.mp4",
        "user": null,
        "status": "Libre"
    },
    {
        "id": "5",
        "name": "Misa Amane",
        "gender": "Mujer",
        "value": "8303",
        "source": "Death Note",
        "img": "https://files.catbox.moe/r4n149.jpg",
        "video": "https://files.catbox.moe/zzodcc.mp4",
        "user": null,
        "status": "Libre"
    },
    {
        "id": "6",
        "name": "Asuna Yuuki",
        "gender": "Mujer",
        "value": "8799",
        "source": "Sword Art Online",
        "img": "https://files.catbox.moe/xgozvk.jpg",
        "video": "https://files.catbox.moe/cmcy1s.mp4",
        "user": null,
        "status": "Libre"
    },
    {
        "id": "7",
        "name": "Erza Scarlet",
        "gender": "Mujer",
        "value": "7932",
        "source": "Fairy Tail",
        "img": "https://files.catbox.moe/x6xgkj.jpg",
        "video": "https://files.catbox.moe/mdigcj.mp4",
        "user": null,
        "status": "Libre"
    },
    {
        "id": "8",
        "name": "Kurumi Tokisaki",
        "gender": "Mujer",
        "value": "9999",
        "source": "Date Alive",
        "img": "https://files.catbox.moe/iek7q7.jpg",
        "video": "https://files.catbox.moe/h1qdzw.mp4",
        "user": null,
        "status": "Libre"
    },
    {
        "id": "9",
        "name": "Momo Deviluke",
        "gender": "Mujer",
        "value": "7832",
        "source": "To Love Ru",
        "img": "https://files.catbox.moe/hnrpb4.jpg",
        "video": "https://files.catbox.moe/ysb21k.mp4",
        "user": null,
        "status": "Libre"
    },
    {
        "id": "10",
        "name": "Nino Nakano",
        "gender": "Mujer",
        "value": "9321",
        "source": "The Quintessential Quintuplets",
        "img": "https://files.catbox.moe/47dj4n.jpg",
        "video": "https://files.catbox.moe/gjivm8.mp4",
        "user": null,
        "status": "Libre"
    },
    {
        "id": "11",
        "name": "Ryo Yamada",
        "gender": "Hombre",
        "value": "8321",
        "source": "Bocchi the Rock",
        "img": "https://files.catbox.moe/rb8jh8.jpg",
        "video": "https://files.catbox.moe/v3rens.mp4",
        "user": null,
        "status": "Libre"
    },
    {
        "id": "12",
        "name": "Sumi Sakurasawa",
        "gender": "Mujer",
        "value": "8933",
        "source": "Rent a Girlfriend",
        "img": "https://files.catbox.moe/27qdmn.jpg",
        "video": "https://files.catbox.moe/mf9ct6.mp4",
        "user": null,
        "status": "Libre"
    },
    {
        "id": "13",
        "name": "Umaru Doma",
        "gender": "Mujer",
        "value": "7657",
        "source": "Himouto! Umaru-chan",
        "img": "https://files.catbox.moe/ddvqbg.jpg",
        "video": "https://files.catbox.moe/rpakii.mp4",
        "user": null,
        "status": "Libre"
    },
    {
        "id": "14",
        "name": "Chizuru Mizuhara",
        "gender": "Mujer",
        "value": "8678",
        "source": "Rent a Girlfriend",
        "img": "https://files.catbox.moe/lxger4.jpg",
        "video": "https://files.catbox.moe/ek3bhc.mp4",
        "user": null,
        "status": "Libre"
    },
    {
        "id": "15",
        "name": "Makima",
        "gender": "Mujer",
        "value": "8899",
        "source": "Chainsaw Man",
        "img": "https://files.catbox.moe/aj36wd.jpg",
        "video": "https://files.catbox.moe/tl0kkn.mp4",
        "user": null,
        "status": "Libre"
    },
    {
        "id": "16",
        "name": "Power",
        "gender": "Mujer",
        "value": "8973",
        "source": "Chainsaw Man",
        "img": "https://files.catbox.moe/zhcwn7.jpg",
        "video": "https://files.catbox.moe/7bzxa9.mp4",
        "user": null,
        "status": "Libre"
    },
    {
        "id": "17",
        "name": "Yuliet Persia",
        "gender": "Mujer",
        "value": "6578",
        "source": "Kishuku Gakkou no Juliet",
        "img": "https://files.catbox.moe/qdlb4n.jpg",
        "video": "https://files.catbox.moe/88xpjf.mp4",
        "user": null,
        "status": "Libre"
    },
    {
        "id": "18",
        "name": "Kisara",
        "gender": "Mujer",
        "value": "7781",
        "source": "Engage Kiss",
        "img": "https://files.catbox.moe/yb9cd1.jpg",
        "video": "https://files.catbox.moe/7c8n5c.mp4",
        "user": null,
        "status": "Libre"
    },
    {
        "id": "19",
        "name": "Raphtalia",
        "gender": "Mujer",
        "value": "7430",
        "source": "Tate no Yuusha no Nariagari",
        "img": "https://files.catbox.moe/dieynb.jpg",
        "video": "https://files.catbox.moe/cv4xx8.mp4",
        "user": null,
        "status": "Libre"
    },
    {
        "id": "20",
        "name": "Ai Hoshino",
        "gender": "Mujer",
        "value": "9999",
        "source": "Oshi no Ko",
        "img": "https://files.catbox.moe/w680ix.jpg",
        "video": "https://files.catbox.moe/lhybnz.mp4",
        "user": null,
        "status": "Libre"
    },
    {
        "id": "21",
        "name": "Alisa Mikhailovna Kujou",
        "gender": "Mujer",
        "value": "9999",
        "source": "Roshidere",
        "img": "https://files.catbox.moe/6vw81z.jpg",
        "video": "https://files.catbox.moe/noyjjn.mp4",
        "user": null,
        "status": "Libre"
    },
    {
        "id": "22",
        "name": "Mukuro Hoshimiya",
        "gender": "Mujer",
        "value": "8867",
        "source": "Date A Live",
        "img": "https://files.catbox.moe/r8wufk.jpg",
        "video": "https://files.catbox.moe/go7zm1.mp4",
        "user": null,
        "status": "Libre"
    },
    {
        "id": "23",
        "name": "hashihime",
        "gender": "desconocido",
        "value": "9000",
        "source": "Ayashimon",
        "img": "https://files.catbox.moe/9t2j5o.jpg",
        "video": "https://files.catbox.moe/34guuq.mp4",
        "user": null,
        "status": "Libre"
    },
    {
        "id": "24",
        "name": "Jed",
        "gender": "Mujer",
        "value": "2000",
        "source": "Gundam Series",
        "img": "https://files.catbox.moe/w6ogit.jpg",
        "video": "https://files.catbox.moe/p90hu3.mp4",
        "user": null,
        "status": "Libre"
    },
    {
        "id": "25",
        "name": "Duke Fleed",
        "gender": "Desconocido",
        "value": "1500",
        "source": "Mazinger Z",
        "img": "https://files.catbox.moe/ww97r9.jpg",
        "video": "https://files.catbox.moe/sxj8pc.mp4",
        "user": null,
        "status": "Libre"
    },
    {
        "id": "26",
        "name": "Dee Ensy Stratmitos",
        "gender": "Mujer",
        "value": "238",
        "source": "Kamisama no Inai Nichiyoubi",
        "img": "https://files.catbox.moe/5ulred.jpg",
        "video": "https://files.catbox.moe/x8ty1s.mp4",
        "user": null,
        "status": "Libre"
    },
    {
        "id": "27",
        "name": "Lloyd Frontera",
        "gender": "Hombre",
        "value": "3400",
        "source": "The Greatest Estate Developer",
        "img": "https://files.catbox.moe/k7fn9t.jpg",
        "video": "https://files.catbox.moe/nj4gc4.mp4",
        "user": null,
        "status": "Libre"
    },
    {
        "id": "28",
        "name": "Disk",
        "gender": "Mujer",
        "value": "500",
        "source": "Needless",
        "img": "https://files.catbox.moe/50rze9.jpg",
        "video": "https://files.catbox.moe/e54iqe.mp4",
        "user": null,
        "status": "Libre"
    },
    {
        "id": "30",
        "name": "Hitomi Tsukishiro",
        "gender": "Mujer",
        "value": "5041",
        "source": "Irozuku Sekai no Ashita kara",
        "img": "https://files.catbox.moe/bllzo3.jpg",
        "video": "https://files.catbox.moe/k5upbs.mp4",
        "user": null,
        "status": "Libre"
    },
    {
        "id": "31",
        "name": "Megumi Kayano",
        "gender": "Mujer",
        "value": "347",
        "source": "Persona",
        "img": "https://files.catbox.moe/ylfgdv.jpg",
        "video": "https://files.catbox.moe/z0fvu0.mp4",
        "user": null,
        "status": "Libre"
    },
    {
        "id": "32",
        "name": "Battler Ushiromiya",
        "gender": "Hombre",
        "value": "6476",
        "source": "Umineko no Naku Koro ni",
        "img": "https://files.catbox.moe/0vcxcq.jpg",
        "video": "https://files.catbox.moe/xvlskx.mp4",
        "user": null,
        "status": "Libre"
    },
    {
        "id": "33",
        "name": "Bocchi",
        "gender": "Mujer",
        "value": "6476",
        "source": "Umineko no Naku Koro ni",
        "img": "https://files.catbox.moe/ap3obh.jpg",
        "video": "https://files.catbox.moe/lkse01.mp4",
        "user": null,
        "status": "Libre"
    },
    {
        "id": "34",
        "name": "Naruto",
        "gender": "Hombre",
        "value": "6476",
        "source": "Umineko no Naku Koro ni",
        "img": "https://files.catbox.moe/5c3hs8.jpg",
        "video": "https://files.catbox.moe/lkse01.mp4",
        "user": null,
        "status": "Libre"
    }
]